{"cameraMode":{"drawMode":0,"name":"Shaded","section":"Shading Mode"},"sceneLighting":false,"audioPlay":false,"sceneViewState":{"showFog":false,"showMaterialUpdate":false,"showSkybox":false,"showFlares":false,"showImageEffects":false,"showParticleSystems":false},"in2DMode":false,"pivot":{"x":319.685791015625,"y":181.4730224609375,"z":-3.6156880855560304},"rotation":{"x":-0.031906306743621829,"y":0.8644585013389587,"z":-0.05531233176589012,"w":-0.49863961338996889},"size":9.69402027130127,"orthographic":false}