{"cameraMode":{"drawMode":0,"name":"Shaded","section":"Shading Mode"},"sceneLighting":true,"audioPlay":false,"sceneViewState":{"showFog":false,"showMaterialUpdate":false,"showSkybox":false,"showFlares":false,"showImageEffects":false,"showParticleSystems":false},"in2DMode":false,"pivot":{"x":0.29896634817123415,"y":4.395599842071533,"z":-7.326141834259033},"rotation":{"x":-0.00029800477204844356,"y":0.9965717792510986,"z":0.003589307190850377,"w":0.08270173519849777},"size":9.6940279006958,"orthographic":false}